Employee,Personality,Sex
1,Diplomat,Female
2,Diplomat,Female
3,Explorer,Male
4,Diplomat,Female
5,Diplomat,Female
6,Explorer,Male
7,Explorer,Male
8,Explorer,Male
9,Diplomat,Female
10,Explorer,Female
11,Explorer,Male
12,Sentinel,Female
13,Diplomat,Female
14,Explorer,Female
15,Analyst,Male
16,Diplomat,Male
17,Sentinel,Male
18,Sentinel,Female
19,Explorer,Male
20,Analyst,Male
21,Explorer,Female
22,Diplomat,Male
23,Explorer,Male
24,Explorer,Female
25,Analyst,Female
26,Diplomat,Female
27,Explorer,Female
28,Sentinel,Male
29,Explorer,Male
30,Diplomat,Female
31,Diplomat,Male
32,Explorer,Female
33,Diplomat,Female
34,Diplomat,Male
35,Explorer,Female
36,Explorer,Male
37,Diplomat,Male
38,Explorer,Female
39,Explorer,Male
40,Diplomat,Male
41,Diplomat,Male
42,Analyst,Male
43,Sentinel,Female
44,Explorer,Male
45,Diplomat,Female
46,Explorer,Male
47,Sentinel,Female
48,Explorer,Female
49,Diplomat,Male
50,Explorer,Male
51,Explorer,Female
52,Diplomat,Female
53,Analyst,Male
54,Explorer,Female
55,Sentinel,Female
56,Diplomat,Male
57,Diplomat,Female
58,Sentinel,Female
59,Sentinel,Male
60,Analyst,Male
61,Analyst,Male
62,Analyst,Female
63,Diplomat,Female
64,Diplomat,Female
65,Diplomat,Female
66,Analyst,Female
67,Explorer,Female
68,Explorer,Male
69,Explorer,Male
70,Sentinel,Female
71,Sentinel,Male
72,Analyst,Male
73,Diplomat,Female
74,Explorer,Male
75,Explorer,Female
76,Sentinel,Female
77,Explorer,Male
78,Explorer,Female
79,Explorer,Male
80,Sentinel,Female
81,Analyst,Female
82,Sentinel,Male
83,Explorer,Female
84,Diplomat,Female
85,Diplomat,Male
86,Sentinel,Male
87,Sentinel,Male
88,Explorer,Male
89,Diplomat,Male
90,Explorer,Female
91,Explorer,Female
92,Sentinel,Male
93,Diplomat,Male
94,Explorer,Male
95,Explorer,Female
96,Analyst,Male
97,Sentinel,Female
98,Sentinel,Male
99,Sentinel,Female
100,Diplomat,Male
101,Diplomat,Male
102,Explorer,Male
103,Explorer,Male
104,Diplomat,Female
105,Explorer,Female
106,Explorer,Female
107,Explorer,Male
108,Diplomat,Male
109,Diplomat,Female
110,Diplomat,Female
111,Diplomat,Male
112,Diplomat,Female
113,Explorer,Female
114,Analyst,Female
115,Sentinel,Female
116,Diplomat,Male
117,Sentinel,Male
118,Explorer,Male
119,Explorer,Female
120,Analyst,Male
121,Explorer,Male
122,Analyst,Female
123,Analyst,Female
124,Diplomat,Male
125,Analyst,Male
126,Analyst,Female
127,Explorer,Male
128,Analyst,Female
129,Diplomat,Male
130,Sentinel,Female
131,Diplomat,Male
132,Explorer,Female
133,Explorer,Female
134,Diplomat,Male
135,Sentinel,Male
136,Diplomat,Male
137,Explorer,Female
138,Explorer,Male
139,Explorer,Female
140,Explorer,Male
141,Diplomat,Female
142,Explorer,Female
143,Analyst,Male
144,Diplomat,Male
145,Diplomat,Female
146,Diplomat,Male
147,Explorer,Male
148,Explorer,Male
149,Explorer,Male
150,Analyst,Male
151,Explorer,Female
152,Explorer,Male
153,Diplomat,Male
154,Explorer,Male
155,Explorer,Female
156,Diplomat,Male
157,Analyst,Female
158,Analyst,Female
159,Diplomat,Male
160,Explorer,Female
161,Sentinel,Female
162,Analyst,Female
163,Diplomat,Female
164,Diplomat,Female
165,Diplomat,Female
166,Explorer,Female
167,Sentinel,Female
168,Explorer,Male
169,Explorer,Female
170,Explorer,Female
171,Sentinel,Female
172,Sentinel,Female
173,Explorer,Female
174,Explorer,Female
175,Explorer,Male
176,Analyst,Male
177,Sentinel,Female
178,Explorer,Male
179,Analyst,Male
180,Explorer,Female
181,Diplomat,Female
182,Diplomat,Male
183,Diplomat,Female
184,Explorer,Male
185,Analyst,Female
186,Explorer,Male
187,Explorer,Male
188,Analyst,Male
189,Diplomat,Male
190,Diplomat,Male
191,Sentinel,Male
192,Diplomat,Female
193,Explorer,Female
194,Explorer,Female
195,Sentinel,Female
196,Diplomat,Male
197,Explorer,Male
198,Explorer,Female
199,Sentinel,Male
200,Diplomat,Male
201,Sentinel,Female
202,Explorer,Male
203,Diplomat,Female
204,Analyst,Female
205,Sentinel,Male
206,Diplomat,Male
207,Analyst,Male
208,Diplomat,Female
209,Analyst,Male
210,Diplomat,Female
211,Diplomat,Male
212,Diplomat,Male
213,Explorer,Female
214,Diplomat,Male
215,Diplomat,Female
216,Sentinel,Male
217,Explorer,Male
218,Diplomat,Male
219,Analyst,Male
220,Explorer,Male
221,Analyst,Female
222,Explorer,Male
223,Explorer,Female
224,Explorer,Male
225,Sentinel,Female
226,Sentinel,Male
227,Sentinel,Female
228,Diplomat,Male
229,Explorer,Female
230,Explorer,Male
231,Diplomat,Male
232,Explorer,Female
233,Explorer,Male
234,Explorer,Female
235,Explorer,Female
236,Explorer,Female
237,Explorer,Female
238,Explorer,Male
239,Diplomat,Female
240,Diplomat,Male
241,Explorer,Female
242,Diplomat,Female
243,Diplomat,Male
244,Analyst,Female
245,Sentinel,Male
246,Explorer,Female
247,Explorer,Female
248,Explorer,Female
249,Diplomat,Male
250,Analyst,Female
251,Diplomat,Female
252,Diplomat,Male
253,Diplomat,Female
254,Sentinel,Male
255,Analyst,Male
256,Explorer,Male
257,Explorer,Male
258,Diplomat,Female
259,Explorer,Male
260,Diplomat,Female
261,Diplomat,Male
262,Sentinel,Male
263,Analyst,Male
264,Explorer,Female
265,Explorer,Male
266,Explorer,Female
267,Analyst,Female
268,Explorer,Male
269,Analyst,Male
270,Explorer,Female
271,Diplomat,Male
272,Explorer,Female
273,Diplomat,Female
274,Diplomat,Female
275,Diplomat,Female
276,Explorer,Male
277,Analyst,Male
278,Explorer,Female
279,Sentinel,Male
280,Explorer,Female
281,Diplomat,Male
282,Sentinel,Female
283,Diplomat,Female
284,Sentinel,Male
285,Explorer,Male
286,Explorer,Male
287,Diplomat,Male
288,Explorer,Female
289,Diplomat,Male
290,Explorer,Female
291,Diplomat,Female
292,Explorer,Female
293,Explorer,Male
294,Diplomat,Male
295,Explorer,Female
296,Explorer,Male
297,Explorer,Male
298,Explorer,Female
299,Explorer,Female
300,Explorer,Male
301,Explorer,Female
302,Sentinel,Female
303,Explorer,Female
304,Diplomat,Female
305,Diplomat,Female
306,Explorer,Male
307,Analyst,Female
308,Diplomat,Female
309,Analyst,Female
310,Sentinel,Male
311,Explorer,Female
312,Diplomat,Female
313,Analyst,Male
314,Explorer,Female
315,Explorer,Female
316,Sentinel,Female
317,Explorer,Male
318,Explorer,Male
319,Analyst,Male
320,Analyst,Female
321,Explorer,Male
322,Explorer,Male
323,Diplomat,Male
324,Diplomat,Female
325,Analyst,Male
326,Diplomat,Female
327,Diplomat,Male
328,Explorer,Male
329,Explorer,Male
330,Sentinel,Male
331,Explorer,Female
332,Explorer,Female
333,Sentinel,Male
334,Diplomat,Male
335,Explorer,Female
336,Explorer,Female
337,Diplomat,Male
338,Analyst,Male
339,Explorer,Male
340,Explorer,Male
341,Diplomat,Female
342,Sentinel,Female
343,Sentinel,Male
344,Explorer,Female
345,Explorer,Male
346,Diplomat,Male
347,Diplomat,Male
348,Explorer,Male
349,Explorer,Male
350,Explorer,Female
351,Diplomat,Female
352,Explorer,Female
353,Explorer,Female
354,Diplomat,Male
355,Diplomat,Female
356,Explorer,Female
357,Sentinel,Female
358,Explorer,Male
359,Explorer,Male
360,Explorer,Male
361,Analyst,Male
362,Diplomat,Male
363,Diplomat,Male
364,Sentinel,Male
365,Sentinel,Male
366,Sentinel,Female
367,Sentinel,Male
368,Explorer,Female
369,Diplomat,Female
370,Diplomat,Female
371,Explorer,Male
372,Diplomat,Female
373,Analyst,Female
374,Diplomat,Female
375,Diplomat,Male
376,Explorer,Male
377,Explorer,Male
378,Sentinel,Male
379,Sentinel,Female
380,Explorer,Male
381,Sentinel,Female
382,Sentinel,Female
383,Explorer,Male
384,Sentinel,Male
385,Sentinel,Female
386,Explorer,Male
387,Sentinel,Male
388,Explorer,Male
389,Analyst,Male
390,Diplomat,Female
391,Explorer,Male
392,Diplomat,Male
393,Analyst,Male
394,Sentinel,Male
395,Sentinel,Female
396,Explorer,Female
397,Diplomat,Male
398,Diplomat,Male
399,Explorer,Female
400,Analyst,Male
401,Explorer,Female
402,Analyst,Male
403,Diplomat,Female
404,Explorer,Female
405,Diplomat,Female
406,Diplomat,Male
407,Explorer,Female
408,Explorer,Male
409,Diplomat,Female
410,Explorer,Female
411,Diplomat,Female
412,Diplomat,Female
413,Diplomat,Female
414,Explorer,Male
415,Explorer,Female
416,Diplomat,Male
417,Analyst,Female
418,Diplomat,Male
419,Explorer,Female
420,Diplomat,Male
421,Diplomat,Female
422,Explorer,Male
423,Explorer,Female
424,Explorer,Female
425,Diplomat,Male
426,Diplomat,Female
427,Diplomat,Male
428,Sentinel,Male
429,Diplomat,Male
430,Analyst,Male
431,Explorer,Male
432,Diplomat,Female
433,Diplomat,Male
434,Analyst,Male
435,Diplomat,Male
436,Sentinel,Female
437,Sentinel,Male
438,Diplomat,Female
439,Sentinel,Male
440,Explorer,Male
441,Diplomat,Male
442,Diplomat,Male
443,Sentinel,Female
444,Explorer,Male
445,Explorer,Male
446,Explorer,Male
447,Explorer,Male
448,Diplomat,Male
449,Diplomat,Female
450,Diplomat,Male
451,Diplomat,Male
452,Diplomat,Female
453,Sentinel,Female
454,Diplomat,Male
455,Explorer,Male
456,Explorer,Female
457,Explorer,Female
458,Sentinel,Male
459,Diplomat,Female
460,Diplomat,Female
461,Diplomat,Female
462,Sentinel,Male
463,Analyst,Male
464,Explorer,Male
465,Explorer,Female
466,Diplomat,Female
467,Diplomat,Female
468,Sentinel,Female
469,Analyst,Male
470,Explorer,Female
471,Sentinel,Female
472,Analyst,Female
473,Explorer,Male
474,Explorer,Female
475,Explorer,Male
476,Explorer,Male
477,Explorer,Male
478,Explorer,Female
479,Explorer,Female
480,Diplomat,Male
481,Sentinel,Female
482,Explorer,Male
483,Sentinel,Female
484,Explorer,Male
485,Diplomat,Female
486,Explorer,Male
487,Explorer,Male
488,Diplomat,Female
489,Diplomat,Female
490,Diplomat,Male
491,Diplomat,Female
492,Explorer,Male
493,Analyst,Female
494,Diplomat,Male
495,Sentinel,Female
496,Explorer,Female
497,Diplomat,Female
498,Sentinel,Male
499,Sentinel,Male
500,Explorer,Female
501,Explorer,Male
502,Explorer,Female
503,Explorer,Male
504,Diplomat,Male
505,Diplomat,Female
506,Analyst,Male
507,Diplomat,Female
508,Diplomat,Female
509,Analyst,Female
510,Diplomat,Female
511,Diplomat,Female
512,Explorer,Male
513,Diplomat,Male
514,Explorer,Female
515,Explorer,Female
516,Explorer,Female
517,Analyst,Female
518,Analyst,Female
519,Sentinel,Male
520,Explorer,Male
521,Diplomat,Female
522,Analyst,Male
523,Diplomat,Female
524,Diplomat,Female
525,Explorer,Female
526,Explorer,Male
527,Diplomat,Male
528,Analyst,Female
529,Explorer,Female
530,Explorer,Male
531,Explorer,Male
532,Explorer,Female
533,Sentinel,Female
534,Analyst,Male
535,Analyst,Female
536,Analyst,Female
537,Analyst,Female
538,Diplomat,Female
539,Explorer,Male
540,Diplomat,Female
541,Explorer,Female
542,Analyst,Male
543,Diplomat,Female
544,Sentinel,Male
545,Diplomat,Male
546,Sentinel,Male
547,Diplomat,Female
548,Explorer,Female
549,Sentinel,Male
550,Diplomat,Male
551,Explorer,Female
552,Explorer,Male
553,Explorer,Male
554,Explorer,Male
555,Diplomat,Female
556,Explorer,Female
557,Diplomat,Male
558,Explorer,Female
559,Explorer,Female
560,Explorer,Female
561,Diplomat,Male
562,Diplomat,Female
563,Explorer,Female
564,Analyst,Female
565,Sentinel,Male
566,Explorer,Female
567,Analyst,Male
568,Diplomat,Male
569,Diplomat,Male
570,Explorer,Male
571,Sentinel,Female
572,Diplomat,Female
573,Explorer,Male
574,Sentinel,Male
575,Sentinel,Male
576,Explorer,Female
577,Explorer,Male
578,Diplomat,Male
579,Explorer,Female
580,Sentinel,Female
581,Diplomat,Male
582,Sentinel,Male
583,Diplomat,Male
584,Explorer,Male
585,Diplomat,Male
586,Explorer,Female
587,Explorer,Female
588,Diplomat,Male
589,Diplomat,Male
590,Diplomat,Female
591,Sentinel,Female
592,Explorer,Male
593,Sentinel,Male
594,Explorer,Male
595,Diplomat,Male
596,Diplomat,Female
597,Explorer,Male
598,Explorer,Male
599,Diplomat,Male
600,Sentinel,Male
601,Explorer,Female
602,Explorer,Male
603,Diplomat,Female
604,Diplomat,Female
605,Explorer,Female
606,Analyst,Female
607,Analyst,Female
608,Diplomat,Male
609,Sentinel,Male
610,Explorer,Female
611,Diplomat,Female
612,Diplomat,Female
613,Explorer,Female
614,Explorer,Male
615,Sentinel,Male
616,Explorer,Male
617,Diplomat,Female
618,Explorer,Male
619,Explorer,Female
620,Explorer,Female
621,Diplomat,Female
622,Diplomat,Female
623,Sentinel,Female
624,Analyst,Male
625,Sentinel,Female
626,Analyst,Female
627,Sentinel,Male
628,Analyst,Male
629,Explorer,Male
630,Diplomat,Female
631,Diplomat,Female
632,Sentinel,Male
633,Diplomat,Male
634,Sentinel,Female
635,Sentinel,Female
636,Diplomat,Female
637,Analyst,Female
638,Analyst,Female
639,Diplomat,Male
640,Diplomat,Female
641,Diplomat,Female
642,Explorer,Female
643,Explorer,Female
644,Explorer,Female
645,Explorer,Female
646,Explorer,Male
647,Explorer,Male
648,Diplomat,Female
649,Diplomat,Male
650,Sentinel,Male
651,Sentinel,Female
652,Diplomat,Male
653,Explorer,Female
654,Diplomat,Female
655,Explorer,Female
656,Explorer,Female
657,Diplomat,Male
658,Diplomat,Male
659,Explorer,Male
660,Diplomat,Female
661,Explorer,Female
662,Explorer,Female
663,Explorer,Female
664,Explorer,Female
665,Analyst,Male
666,Sentinel,Female
667,Diplomat,Female
668,Explorer,Female
669,Diplomat,Female
670,Sentinel,Male
671,Explorer,Female
672,Analyst,Female
673,Diplomat,Male
674,Diplomat,Female
675,Explorer,Male
676,Explorer,Female
677,Explorer,Male
678,Diplomat,Male
679,Diplomat,Male
680,Sentinel,Male
681,Diplomat,Male
682,Explorer,Female
683,Explorer,Male
684,Diplomat,Male
685,Diplomat,Male
686,Diplomat,Female
687,Explorer,Male
688,Explorer,Male
689,Explorer,Male
690,Diplomat,Female
691,Explorer,Male
692,Diplomat,Female
693,Diplomat,Male
694,Analyst,Male
695,Explorer,Female
696,Diplomat,Male
697,Explorer,Male
698,Diplomat,Male
699,Explorer,Male
700,Explorer,Female
701,Analyst,Male
702,Explorer,Male
703,Sentinel,Female
704,Explorer,Female
705,Explorer,Female
706,Sentinel,Female
707,Diplomat,Female
708,Diplomat,Female
709,Explorer,Male
710,Diplomat,Female
711,Sentinel,Male
712,Sentinel,Male
713,Sentinel,Male
714,Sentinel,Male
715,Analyst,Male
716,Diplomat,Female
717,Diplomat,Male
718,Sentinel,Female
719,Diplomat,Male
720,Sentinel,Male
721,Explorer,Female
722,Diplomat,Female
723,Diplomat,Female
724,Explorer,Male
725,Explorer,Male
726,Explorer,Female
727,Diplomat,Female
728,Explorer,Female
729,Explorer,Male
730,Sentinel,Female
731,Analyst,Male
732,Explorer,Male
733,Explorer,Male
734,Explorer,Male
735,Sentinel,Male
736,Explorer,Female
737,Explorer,Male
738,Diplomat,Male
739,Analyst,Female
740,Explorer,Female
741,Analyst,Female
742,Sentinel,Male
743,Sentinel,Female
744,Explorer,Male
745,Explorer,Male
746,Explorer,Female
747,Explorer,Male
748,Explorer,Male
749,Explorer,Female
750,Diplomat,Female
751,Sentinel,Male
752,Analyst,Male
753,Diplomat,Male
754,Explorer,Male
755,Explorer,Female
756,Diplomat,Male
757,Sentinel,Female
758,Analyst,Female
759,Sentinel,Female
760,Diplomat,Male
761,Analyst,Male
762,Explorer,Female
763,Explorer,Male
764,Sentinel,Female
765,Explorer,Female
766,Explorer,Male
767,Diplomat,Female
768,Explorer,Male
769,Diplomat,Male
770,Diplomat,Male
771,Diplomat,Male
772,Explorer,Male
773,Diplomat,Female
774,Explorer,Male
775,Explorer,Male
776,Explorer,Male
777,Explorer,Male
778,Diplomat,Male
779,Analyst,Male
780,Diplomat,Female
781,Diplomat,Female
782,Sentinel,Male
783,Explorer,Female
784,Explorer,Male
785,Diplomat,Female
786,Explorer,Female
787,Diplomat,Male
788,Explorer,Female
789,Explorer,Male
790,Sentinel,Female
791,Explorer,Male
792,Explorer,Male
793,Explorer,Female
794,Sentinel,Female
795,Diplomat,Female
796,Explorer,Male
797,Sentinel,Male
798,Explorer,Male
799,Explorer,Female
800,Diplomat,Female
801,Diplomat,Female
802,Analyst,Male
803,Sentinel,Female
804,Sentinel,Female
805,Explorer,Female
806,Explorer,Male
807,Explorer,Male
808,Explorer,Female
809,Analyst,Female
810,Diplomat,Female
811,Diplomat,Male
812,Diplomat,Female
813,Diplomat,Male
814,Sentinel,Male
815,Analyst,Male
816,Diplomat,Female
817,Explorer,Male
818,Sentinel,Female
819,Analyst,Male
820,Explorer,Female
821,Analyst,Male
822,Diplomat,Male
823,Explorer,Male
824,Analyst,Female
825,Explorer,Female
826,Diplomat,Male
827,Diplomat,Male
828,Explorer,Female
829,Diplomat,Male
830,Explorer,Male
831,Diplomat,Female
832,Explorer,Female
833,Explorer,Male
834,Analyst,Female
835,Diplomat,Female
836,Explorer,Female
837,Analyst,Male
838,Explorer,Male
839,Explorer,Male
840,Diplomat,Female
841,Diplomat,Male
842,Explorer,Male
843,Analyst,Male
844,Sentinel,Female
845,Explorer,Male
846,Diplomat,Male
847,Analyst,Female
848,Explorer,Male
849,Sentinel,Male
850,Diplomat,Female
851,Explorer,Male
852,Explorer,Male
853,Explorer,Female
854,Sentinel,Female
855,Sentinel,Male
856,Diplomat,Female
857,Diplomat,Male
858,Sentinel,Male
859,Diplomat,Female
860,Diplomat,Male
861,Explorer,Female
862,Explorer,Male
863,Explorer,Male
864,Explorer,Female
865,Explorer,Female
866,Explorer,Male
867,Analyst,Male
868,Analyst,Female
869,Sentinel,Female
870,Diplomat,Male
871,Explorer,Female
872,Explorer,Female
873,Explorer,Male
874,Diplomat,Female
875,Sentinel,Female
876,Analyst,Male
877,Analyst,Female
878,Analyst,Male
879,Explorer,Female
880,Diplomat,Female
881,Explorer,Male
882,Diplomat,Male
883,Explorer,Female
884,Diplomat,Female
885,Diplomat,Female
886,Explorer,Male
887,Diplomat,Female
888,Diplomat,Male
889,Explorer,Female
890,Diplomat,Male
891,Explorer,Female
892,Diplomat,Female
893,Explorer,Male
894,Explorer,Female
895,Diplomat,Male
896,Explorer,Female
897,Diplomat,Male
898,Explorer,Male
899,Analyst,Female
900,Diplomat,Male
901,Explorer,Male
902,Explorer,Female
903,Diplomat,Female
904,Explorer,Female
905,Explorer,Female
906,Sentinel,Female
907,Explorer,Male
908,Explorer,Male
909,Explorer,Male
910,Diplomat,Male
911,Diplomat,Female
912,Explorer,Male
913,Sentinel,Male
914,Sentinel,Female
915,Explorer,Female
916,Explorer,Male
917,Diplomat,Male
918,Diplomat,Female
919,Diplomat,Male
920,Sentinel,Male
921,Analyst,Female
922,Diplomat,Male
923,Explorer,Male
924,Diplomat,Female
925,Diplomat,Male
926,Explorer,Female
927,Explorer,Female
928,Explorer,Male
929,Analyst,Male
930,Sentinel,Male
931,Diplomat,Male
932,Explorer,Male
933,Diplomat,Male
934,Sentinel,Male
935,Diplomat,Female
936,Explorer,Male
937,Diplomat,Male
938,Diplomat,Male
939,Diplomat,Female
940,Explorer,Male
941,Diplomat,Male
942,Sentinel,Female
943,Sentinel,Male
944,Explorer,Female
945,Sentinel,Female
946,Diplomat,Female
947,Analyst,Female
948,Diplomat,Male
949,Diplomat,Female
950,Sentinel,Female
951,Diplomat,Male
952,Explorer,Male
953,Explorer,Female
954,Explorer,Male
955,Explorer,Female
956,Diplomat,Female
957,Diplomat,Female
958,Explorer,Female
959,Explorer,Male
960,Diplomat,Male
961,Explorer,Male
962,Explorer,Female
963,Explorer,Female
964,Diplomat,Female
965,Diplomat,Male
966,Analyst,Female
967,Sentinel,Female
968,Explorer,Female
969,Explorer,Male
970,Explorer,Male
971,Diplomat,Male
972,Explorer,Male
973,Sentinel,Male
974,Sentinel,Female
975,Explorer,Male
976,Analyst,Female
977,Explorer,Female
978,Diplomat,Female
979,Analyst,Male
980,Explorer,Female
981,Sentinel,Female
982,Diplomat,Male
983,Diplomat,Male
984,Explorer,Female
985,Analyst,Female
986,Sentinel,Female
987,Sentinel,Female
988,Diplomat,Male
989,Diplomat,Female
990,Diplomat,Female
991,Diplomat,Female
992,Explorer,Female
993,Diplomat,Male
994,Explorer,Female
995,Sentinel,Female
996,Explorer,Male
997,Analyst,Female
998,Sentinel,Male
999,Explorer,Male
1000,Explorer,Male
